{"cameraMode":{"drawMode":0,"name":"Shaded","section":"Shading Mode"},"sceneLighting":true,"audioPlay":false,"sceneViewState":{"m_AlwaysRefresh":false,"showFog":true,"showSkybox":true,"showFlares":true,"showImageEffects":true,"showParticleSystems":true,"showVisualEffectGraphs":true,"m_FxEnabled":true},"in2DMode":false,"pivot":{"x":8.847332954406739,"y":5.551529407501221,"z":-5.362292766571045},"rotation":{"x":-0.4647034704685211,"y":-0.006111537106335163,"z":0.0032091550529003145,"w":-0.885444700717926},"size":13.187854766845704,"orthographic":false}